,Caller_ID,Session,First_Name,Last_Name,Street,City,Address,Zipcode,Email,Incoming_Phone,Contact_Phone,Test_Control,In_Co,In_Em,Indexinco,Indexinem,Res_Index,Caller_ID,Session,First_Name,Last_Name,Street,City,Address,Zipcode,Email,Incoming_Phone,Contact_Phone,Test_Control,In_Co,In_Em,Res_Index,Date_Time_Res,Date_Time_Aban,Days_in_Between
184,18086538MZFGFFTH,2014.01.06 19:20:03,Abbey,,,,AL,,,(830)-998-3332,(830)-998-3332,test,(830)-998-3332(830)-998-3332,(830)-998-3332,1,0,1,69625571RPKIIQVF,2014.02.05 23:11:49,George,McLaughlin,,Medhursthaven,WI,34914-7022,sanusi.lamido.cbncontact@mountaineers.com,(830)-998-3332,(830)-998-3332,test,(830)-998-3332(830)-998-3332,(830)-998-3332sanusi.lamido.cbncontact@mountaineers.com,1,2/5/2014,1/6/2014,30
189,38297698NQJIEDHS,2014.01.06 19:44:51,Nicola,,,,,,,(775)-329-0338,(775)-329-0338,test,(775)-329-0338(775)-329-0338,(775)-329-0338,2,0,2,94500711CLZMMVUY,2014.02.06 00:22:31,Hector,Frami,,,GA,14607,claimdptnl1@aol.com,(775)-329-0338,(775)-329-0338,test,(775)-329-0338(775)-329-0338,(775)-329-0338claimdptnl1@aol.com,2,2/6/2014,1/6/2014,30
205,05334034DMHRGBJP,2014.01.06 21:10:53,Frederik,,,,NH,,,(248)-549-8764,(248)-549-8764,test,(248)-549-8764(248)-549-8764,(248)-549-8764,3,0,3,25499759SMZUVQET,2014.02.06 03:23:16,Jane,Stoltenberg,,,CO,,office04@yahoo.com.ph,(248)-549-8764,(248)-549-8764,test,(248)-549-8764(248)-549-8764,(248)-549-8764office04@yahoo.com.ph,3,2/6/2014,1/6/2014,30
263,56895604BZVXIOOY,2014.01.07 02:01:07,Pauline,,,,,,,(916)-824-7278,(916)-824-7278,test,(916)-824-7278(916)-824-7278,(916)-824-7278,4,0,4,64215271KNLJKYNX,2014.02.06 10:20:37,Brigitte,Runte,,,NM,29740-6847,esqharsmith2015@gmail.com,(916)-824-7278,(916)-824-7278,test,(916)-824-7278(916)-824-7278,(916)-824-7278esqharsmith2015@gmail.com,4,2/6/2014,1/7/2014,30
265,99131886JEWYGEJQ,2014.01.07 02:09:50,Jedidiah,,,,UT,,,(878)-091-4844,(878)-091-4844,control,(878)-091-4844(878)-091-4844,(878)-091-4844,5,5,5,97293531NBAEFYSP,2014.02.06 17:26:50,Breanna,,,,MA,,,(878)-091-4844,(878)-091-4844,control,(878)-091-4844(878)-091-4844,(878)-091-4844,5,2/6/2014,1/7/2014,31
315,12735352AZTUHXTW,2014.01.07 06:27:17,,,,,,,,(803)-748-6444,(803)-748-6444,test,(803)-748-6444(803)-748-6444,(803)-748-6444,6,0,6,10567329AIBNFENW,2014.02.07 05:45:07,Archibald,Von,,,ND,10475-6593,halliburton.gas.oil.cop@gmail.com,(803)-748-6444,(803)-748-6444,test,(803)-748-6444(803)-748-6444,(803)-748-6444halliburton.gas.oil.cop@gmail.com,6,2/7/2014,1/7/2014,31
360,92486801SHVFQQPV,2014.01.07 10:12:06,Meghan,Monahan,,,VT,,,(785)-484-8767,(785)-484-8767,test,(785)-484-8767(785)-484-8767,(785)-484-8767,7,7,7,31076302JANNOYDY,2014.02.06 03:56:59,Shanel,Huels,,,NE,,,(785)-484-8767,(785)-484-8767,test,(785)-484-8767(785)-484-8767,(785)-484-8767,7,2/6/2014,1/7/2014,30
448,99429423DUMPLGSZ,2014.01.07 17:28:00,Austen,Stoltenberg,,,MS,68981-0820,,(281)-070-8378,(281)-070-8378,test,(281)-070-8378(281)-070-8378,(281)-070-8378,8,8,8,16940010KKNBCJPB,2014.02.08 09:31:51,Madisen,Mraz,,,MT,68423-8924,,(281)-070-8378,(281)-070-8378,test,(281)-070-8378(281)-070-8378,(281)-070-8378,8,2/8/2014,1/7/2014,32
489,96776799KILIOYZW,2014.01.07 20:46:22,Maeve,,,,AZ,88804,,(559)-167-2666,(559)-167-2666,test,(559)-167-2666(559)-167-2666,(559)-167-2666,9,9,9,37309570RBWHQMUI,2014.02.08 18:32:20,Barrett,,,,AR,75580,,(559)-167-2666,(559)-167-2666,test,(559)-167-2666(559)-167-2666,(559)-167-2666,9,2/8/2014,1/7/2014,32
645,43472432JJRKQANF,2014.01.08 09:59:40,Lucile,Wilkinson,,,NJ,,willsonsmithinvestmentfirm@gmail.com,(252)-581-4857,(252)-581-4857,test,(252)-581-4857(252)-581-4857,(252)-581-4857willsonsmithinvestmentfirm@gmail.com,10,10,10,08371311PHXUUKUL,2014.02.18 06:21:11,Lessie,Brakus,,,LA,,willsonsmithinvestmentfirm@gmail.com,(252)-581-4857,(252)-581-4857,test,(252)-581-4857(252)-581-4857,(252)-581-4857willsonsmithinvestmentfirm@gmail.com,10,2/18/2014,1/8/2014,41
650,54113039YDFCGMUC,2014.01.08 10:24:46,Otto,Bashirian,,,,,,(234)-894-6883,(234)-894-6883,test,(234)-894-6883(234)-894-6883,(234)-894-6883,11,11,11,50961018BMIHORNK,2014.03.01 12:53:36,Willow,Jaskolski,,,,,,(234)-894-6883,(234)-894-6883,test,(234)-894-6883(234)-894-6883,(234)-894-6883,11,3/1/2014,1/8/2014,52
713,20845899CVAIOVHE,2014.01.08 15:41:04,Christelle,,,,WY,,,(719)-597-3561,(719)-597-3561,test,(719)-597-3561(719)-597-3561,(719)-597-3561,12,12,12,60069770MEEGXGBY,2014.02.10 22:02:54,Karine,,,,AK,,,(719)-597-3561,(719)-597-3561,test,(719)-597-3561(719)-597-3561,(719)-597-3561,12,2/10/2014,1/8/2014,33
746,54414526DKSQHXBF,2014.01.08 18:33:09,Kaylie,,,,AK,15416-3789,,(505)-193-9110,(505)-193-9110,test,(505)-193-9110(505)-193-9110,(505)-193-9110,13,0,13,90552453CGEXLBJJ,2014.02.11 13:19:36,Mayra,Herman,,,PA,79503,mrschunny@interfree.it,(505)-193-9110,(505)-193-9110,test,(505)-193-9110(505)-193-9110,(505)-193-9110mrschunny@interfree.it,13,2/11/2014,1/8/2014,34
992,18668051ZLRTYUGX,2014.01.09 14:45:04,Stacey,Gusikowski,,,WV,,,(567)-550-9064,(567)-550-9064,test,(567)-550-9064(567)-550-9064,(567)-550-9064,14,0,14,07387818CELVCAPJ,2014.03.01 14:22:02,Maya,Will,,,,,info_drbenke77@yahoo.fr,(567)-550-9064,(567)-550-9064,test,(567)-550-9064(567)-550-9064,(567)-550-9064info_drbenke77@yahoo.fr,14,3/1/2014,1/9/2014,51
1121,09664374TWVMXWVL,2014.01.10 01:11:10,Jovani,,,,,,,(919)-514-5357,(919)-514-5357,control,(919)-514-5357(919)-514-5357,(919)-514-5357,15,15,15,30449689LKUKXJZN,2014.02.15 09:22:40,Novella,,,,,,,(919)-514-5357,(919)-514-5357,control,(919)-514-5357(919)-514-5357,(919)-514-5357,15,2/15/2014,1/10/2014,36
1151,35735474SQCPTAFP,2014.01.10 03:36:19,Allie,Hodkiewicz,,,NC,,,(949)-862-6767,(949)-862-6767,test,(949)-862-6767(949)-862-6767,(949)-862-6767,16,0,16,87785059XUUJUAZB,2014.02.07 21:06:54,Franz,Kuphal,,,OR,41146,dr.johnattan@yahoo.com,(949)-862-6767,(949)-862-6767,test,(949)-862-6767(949)-862-6767,(949)-862-6767dr.johnattan@yahoo.com,16,2/7/2014,1/10/2014,29
1271,91271571UXAFMQFX,2014.01.10 13:48:14,Felicity,,,,NM,,,(762)-774-8176,(762)-774-8176,test,(762)-774-8176(762)-774-8176,(762)-774-8176,17,17,17,74095147MHUVTLTA,2014.02.16 04:42:55,Lelah,Mayer,,,VT,19395-3587,,(762)-774-8176,(762)-774-8176,test,(762)-774-8176(762)-774-8176,(762)-774-8176,17,2/16/2014,1/10/2014,37
1319,21634991GKKHRHPY,2014.01.10 17:47:46,Holly,Runte,,,,,,(734)-619-0937,(734)-619-0937,test,(734)-619-0937(734)-619-0937,(734)-619-0937,18,0,18,14865280MQFCVJIO,2014.02.08 23:18:27,Lowell,Hettinger,,,NJ,97867,nanajohnsama5@zing.vn,(734)-619-0937,(734)-619-0937,test,(734)-619-0937(734)-619-0937,(734)-619-0937nanajohnsama5@zing.vn,18,2/8/2014,1/10/2014,29
1381,27111177YDDFIXJG,2014.01.10 23:00:14,Alicia,,90792 Fritsch Wall,Carterhaven,PA,,,(401)-170-7463,(401)-170-7463,test,(401)-170-7463(401)-170-7463,(401)-170-7463,19,0,19,01732750XPMGHZGU,2014.02.17 15:11:53,Theresa,Hilpert,,,PA,93888-6984,fmf2008@live.com,(401)-170-7463,(401)-170-7463,test,(401)-170-7463(401)-170-7463,(401)-170-7463fmf2008@live.com,19,2/17/2014,1/10/2014,38
1659,38205347WXMPDSUR,2014.01.11 22:32:16,Jeremie,Lakin,,,MD,,,(878)-618-7095,(878)-618-7095,test,(878)-618-7095(878)-618-7095,(878)-618-7095,20,20,20,09607149WDKBQSXP,2014.02.21 05:06:38,Naomie,Haley,,,TX,,,(878)-618-7095,(878)-618-7095,test,(878)-618-7095(878)-618-7095,(878)-618-7095,20,2/21/2014,1/11/2014,40
1669,61527117EVNTECYX,2014.01.11 23:23:15,Juvenal,,,,WI,,,(845)-709-6528,(845)-709-6528,control,(845)-709-6528(845)-709-6528,(845)-709-6528,21,21,21,10986696LYRIDSZR,2014.02.11 09:25:51,Aimee,Cummerata,,,TN,,,(845)-709-6528,(845)-709-6528,control,(845)-709-6528(845)-709-6528,(845)-709-6528,21,2/11/2014,1/11/2014,30
1677,44897825PNAIUQTY,2014.01.12 00:01:57,Jasmin,,,,WV,,,(786)-313-1986,(786)-313-1986,control,(786)-313-1986(786)-313-1986,(786)-313-1986,22,0,22,83647757YYGOIEBF,2014.02.20 13:47:15,Cullen,Hettinger,,,PA,69479-4067,directorsammadomar@live.com,(786)-313-1986,(786)-313-1986,control,(786)-313-1986(786)-313-1986,(786)-313-1986directorsammadomar@live.com,22,2/20/2014,1/12/2014,40
1712,45974178SPJUIBFX,2014.01.12 02:58:05,Garrick,Pfeffer,,,,,,(661)-534-4624,(661)-534-4624,control,(661)-534-4624(661)-534-4624,(661)-534-4624,23,0,23,84265433RLCPOZWQ,2014.02.16 19:54:49,Magali,Anderson,,,MS,88722,global_max_delivery_company01@yahoo.fr,(661)-534-4624,(661)-534-4624,control,(661)-534-4624(661)-534-4624,(661)-534-4624global_max_delivery_company01@yahoo.fr,23,2/16/2014,1/12/2014,36
1739,12757635CQXDXQNE,2014.01.12 05:12:49,Orville,Kling,,,WV,,,(716)-732-5150,(716)-732-5150,test,(716)-732-5150(716)-732-5150,(716)-732-5150,24,24,24,12565634DGUPDSJU,2014.02.14 08:33:45,Jordy,Smith,,,OR,,,(716)-732-5150,(716)-732-5150,test,(716)-732-5150(716)-732-5150,(716)-732-5150,24,2/14/2014,1/12/2014,33
1790,57313035IGBJUWYG,2014.01.12 09:31:31,Leanna,,,,,,,(657)-850-1025,(657)-850-1025,test,(657)-850-1025(657)-850-1025,(657)-850-1025,25,0,25,16857646EYBWOOQP,2014.02.21 18:29:47,Sydnie,Reynolds,,Lake Palma,KY,59270,headquartersdayzers@rocketmail.com,(657)-850-1025,(657)-850-1025,test,(657)-850-1025(657)-850-1025,(657)-850-1025headquartersdayzers@rocketmail.com,25,2/21/2014,1/12/2014,40
1843,00185326HEFGCSBH,2014.01.12 13:55:55,Iliana,Haley,,,,,,(605)-839-9561,(605)-839-9561,test,(605)-839-9561(605)-839-9561,(605)-839-9561,26,26,26,68197426EBZIKIBC,2014.02.20 05:44:16,Estelle,Weissnat,,,,65258,,(605)-839-9561,(605)-839-9561,test,(605)-839-9561(605)-839-9561,(605)-839-9561,26,2/20/2014,1/12/2014,39
1947,34887598PIWKMFBM,2014.01.12 22:39:39,Zakary,,,,,,,(989)-399-8380,(989)-399-8380,test,(989)-399-8380(989)-399-8380,(989)-399-8380,27,27,27,87807252FKYRELWO,2014.03.16 19:47:42,Kylee,,,,,,,(989)-399-8380,(989)-399-8380,test,(989)-399-8380(989)-399-8380,(989)-399-8380,27,3/16/2014,1/12/2014,63
1952,52832142IEKDRBFN,2014.01.12 23:02:19,Isom,,,,,,,(985)-445-5188,(985)-445-5188,test,(985)-445-5188(985)-445-5188,(985)-445-5188,28,0,28,20602857JBARIHXL,2014.02.22 20:34:04,Mekhi,Lakin,,,MD,,david.blancher2@live.fr,(985)-445-5188,(985)-445-5188,test,(985)-445-5188(985)-445-5188,(985)-445-5188david.blancher2@live.fr,28,2/22/2014,1/12/2014,41
1969,33620833SREKKFZY,2014.01.13 00:23:22,Russ,Weimann,,,,,,(954)-122-3708,(954)-122-3708,test,(954)-122-3708(954)-122-3708,(954)-122-3708,29,29,29,33754516NFTZOOXX,2014.02.24 04:18:45,Francisca,Zieme,,,CO,,,(954)-122-3708,(954)-122-3708,test,(954)-122-3708(954)-122-3708,(954)-122-3708,29,2/24/2014,1/13/2014,42
2002,24388249EICNTYOX,2014.01.13 03:11:21,Julian,Carroll,,,IL,,,(714)-036-9762,(714)-036-9762,test,(714)-036-9762(714)-036-9762,(714)-036-9762,30,30,30,71209840RGBNIUWJ,2014.02.23 01:05:13,Adella,Fritsch,,,MA,,,(714)-036-9762,(714)-036-9762,test,(714)-036-9762(714)-036-9762,(714)-036-9762,30,2/23/2014,1/13/2014,41
2034,76039236UWTNZZFG,2014.01.13 05:42:50,General,,,,SD,,,(205)-761-0334,(205)-761-0334,test,(205)-761-0334(205)-761-0334,(205)-761-0334,31,0,31,65855256HZJJDDOZ,2014.02.13 17:28:02,Alec,Pacocha,,,TX,,sani_alii@yahoo.fr,(205)-761-0334,(205)-761-0334,test,(205)-761-0334(205)-761-0334,(205)-761-0334sani_alii@yahoo.fr,31,2/13/2014,1/13/2014,31
2060,84097741PRLAHJCY,2014.01.13 08:04:01,Jaylen,Abernathy,62520 Lynch Causeway,Lake Dangeloville,NJ,32693-9304,mr_james_115@hotmail.fr,(561)-365-3975,(561)-365-3975,control,(561)-365-3975(561)-365-3975,(561)-365-3975mr_james_115@hotmail.fr,32,32,32,52083852XJXNOUUL,2014.02.08 22:02:35,Dustin,Gutmann,625 Kellie Shoal,Reichelshire,WY,66394-5183,mr_james_115@hotmail.fr,(561)-365-3975,(561)-365-3975,control,(561)-365-3975(561)-365-3975,(561)-365-3975mr_james_115@hotmail.fr,32,2/8/2014,1/13/2014,27
2132,16518188LWASVXLU,2014.01.13 14:09:58,Carmel,Spinka,,,MN,46820,mrstheresankoyo@y7mail.com,(320)-658-1129,(320)-658-1129,test,(320)-658-1129(320)-658-1129,(320)-658-1129mrstheresankoyo@y7mail.com,33,33,33,62075081ZDWPHFJR,2014.04.02 07:15:18,Mateo,Pfannerstill,,,PA,32208-9054,mrstheresankoyo@y7mail.com,(320)-658-1129,(320)-658-1129,test,(320)-658-1129(320)-658-1129,(320)-658-1129mrstheresankoyo@y7mail.com,33,4/2/2014,1/13/2014,79
2278,58921701HZKKFGGS,2014.01.14 02:35:40,Tyson,,,,,,,(641)-916-8906,(641)-916-8906,test,(641)-916-8906(641)-916-8906,(641)-916-8906,34,34,34,52642142AHZMJHTK,2014.02.26 01:03:59,Anne-Test-ID-6523,WebTest,,,CA,84043,,(641)-916-8906,(641)-916-8906,test,(641)-916-8906(641)-916-8906,(641)-916-8906,34,2/26/2014,1/14/2014,43
2411,34387053DTRARXPN,2014.01.14 13:11:34,Abdiel,,,,UT,,,(863)-042-2682,(863)-042-2682,control,(863)-042-2682(863)-042-2682,(863)-042-2682,35,0,35,13986795IUNSPKUB,2014.02.20 19:11:35,Enoch,VonRueden,957 Wilfrid Lights,South Ray,NV,31361,ssuzzankkamara@yahoo.in,(863)-042-2682,(863)-042-2682,control,(863)-042-2682(863)-042-2682,(863)-042-2682ssuzzankkamara@yahoo.in,35,2/20/2014,1/14/2014,37
2518,19439181RLPFYSPW,2014.01.14 22:24:10,Jedediah,,,,,,,(814)-909-7029,(814)-909-7029,test,(814)-909-7029(814)-909-7029,(814)-909-7029,36,0,36,82731750QXKCJLGL,2014.02.27 11:47:48,Courtney,Abbott,,,OK,79833,paymentdept_2007@yahoo.co.uk,(814)-909-7029,(814)-909-7029,test,(814)-909-7029(814)-909-7029,(814)-909-7029paymentdept_2007@yahoo.co.uk,36,2/27/2014,1/14/2014,44
2522,34479675BUSEBRYW,2014.01.14 22:44:57,Vilma,,,,,,,(928)-086-6130,(928)-086-6130,test,(928)-086-6130(928)-086-6130,(928)-086-6130,37,0,37,64129665JUXYAYHH,2014.02.27 14:19:35,Jody,Rath,,,MI,16229,savechildren.women@yahoo.com,(928)-086-6130,(928)-086-6130,test,(928)-086-6130(928)-086-6130,(928)-086-6130savechildren.women@yahoo.com,37,2/27/2014,1/14/2014,44
2540,82728103OILOFGVA,2014.01.15 00:22:04,Jorge,,,Arnoldomouth,NC,69841,,(337)-139-2177,(337)-139-2177,test,(337)-139-2177(337)-139-2177,(337)-139-2177,38,38,38,37275078YKQLZPYQ,2014.02.27 22:18:48,Ottis,,,South Damianchester,OH,56428,,(337)-139-2177,(337)-139-2177,test,(337)-139-2177(337)-139-2177,(337)-139-2177,38,2/27/2014,1/15/2014,44
2561,11221707CVKZUREC,2014.01.15 02:10:22,Oscar,,,,,,,(913)-639-8234,(913)-639-8234,test,(913)-639-8234(913)-639-8234,(913)-639-8234,39,0,39,14145380SOTHLGEO,2014.02.27 21:36:03,Alison,Stroman,,,MT,,rahim_abibu0024@hotmail.com,(913)-639-8234,(913)-639-8234,test,(913)-639-8234(913)-639-8234,(913)-639-8234rahim_abibu0024@hotmail.com,39,2/27/2014,1/15/2014,44
2581,75845526JKLVJUBN,2014.01.15 03:55:00,Raul,Kuhic,5204 Miller Expressway,Wilkinsonport,WA,61401-4204,mrjohnokumagba01@yahoo.fr,(772)-588-4836,(772)-588-4836,test,(772)-588-4836(772)-588-4836,(772)-588-4836mrjohnokumagba01@yahoo.fr,40,0,40,45795514KYDIWNTP,2014.03.05 16:44:22,Ellen,,,South Fernando,OH,,,(772)-588-4836,(772)-588-4836,test,(772)-588-4836(772)-588-4836,(772)-588-4836,40,3/5/2014,1/15/2014,50
2587,73513942UOTEAUBS,2014.01.15 04:25:59,Pascale,,,,MD,,,(516)-441-1290,(516)-441-1290,test,(516)-441-1290(516)-441-1290,(516)-441-1290,41,0,41,92197541LTGPBCTI,2014.02.28 06:04:33,Angelita,Hills,,,IL,,pgomez1967@gmail.com,(516)-441-1290,(516)-441-1290,test,(516)-441-1290(516)-441-1290,(516)-441-1290pgomez1967@gmail.com,41,2/28/2014,1/15/2014,44
2791,68470970ETJRSJWX,2014.01.15 21:13:00,Aditya,,,,,,,(339)-243-9457,(947)-664-6736,test,(339)-243-9457(947)-664-6736,(339)-243-9457,42,0,42,75817025LKWSVLIZ,2014.03.01 20:02:45,Shanie,Hoeger,,,AZ,32741,kennyw341@gmail.com,(339)-243-9457,(947)-664-6736,test,(339)-243-9457(947)-664-6736,(339)-243-9457kennyw341@gmail.com,42,3/1/2014,1/15/2014,45
2826,28960758CHOBCGLK,2014.01.16 00:02:27,Nicola,,,,NM,75961-7563,,(202)-668-3273,(202)-668-3273,test,(202)-668-3273(202)-668-3273,(202)-668-3273,43,43,43,73090984OULOYWZB,2014.03.02 09:18:40,Euna,,,,TN,59929,,(202)-668-3273,(202)-668-3273,test,(202)-668-3273(202)-668-3273,(202)-668-3273,43,3/2/2014,1/16/2014,45
2965,07202664QYAFWJSM,2014.01.16 11:29:31,Loyal,,,,,,,(520)-540-4716,(520)-540-4716,test,(520)-540-4716(520)-540-4716,(520)-540-4716,44,0,44,21911432FUIIXQMK,2014.03.03 11:41:11,Joy,Gottlieb,35359 Freida Island,Kuphalside,ID,43138,faithchuk@gmail.com,(520)-540-4716,(520)-540-4716,test,(520)-540-4716(520)-540-4716,(520)-540-4716faithchuk@gmail.com,44,3/3/2014,1/16/2014,46
3069,46156011SGKLGPBP,2014.01.16 19:53:12,Dexter,Willms,,,ID,,,(504)-366-9806,(504)-366-9806,test,(504)-366-9806(504)-366-9806,(504)-366-9806,45,0,45,48235881SZTMBYCI,2014.03.04 22:50:11,Sophia,Welch,,,MT,15837,mont.fundscardpayment02@gmail.com,(504)-366-9806,(504)-366-9806,test,(504)-366-9806(504)-366-9806,(504)-366-9806mont.fundscardpayment02@gmail.com,45,3/4/2014,1/16/2014,47
3080,00243747ZHEKWHOA,2014.01.16 20:48:40,Tatyana,Kuvalis,,,OR,,missericap@yahoo.com,(762)-589-9796,(762)-589-9796,test,(762)-589-9796(762)-589-9796,(762)-589-9796missericap@yahoo.com,46,46,46,85666265LZNNNPZL,2014.03.08 00:21:12,Cristobal,O'Reilly,,,KY,,missericap@yahoo.com,(762)-589-9796,(762)-589-9796,test,(762)-589-9796(762)-589-9796,(762)-589-9796missericap@yahoo.com,46,3/8/2014,1/16/2014,50
3219,98760869DYBNJLTL,2014.01.17 08:36:01,Abigayle,,,,NJ,96135-7269,,(318)-210-5831,(318)-210-5831,control,(318)-210-5831(318)-210-5831,(318)-210-5831,47,47,47,46023219BSVLYRZP,2014.03.05 23:29:53,Jaylin,,,,SC,84961-3621,,(318)-210-5831,(318)-210-5831,control,(318)-210-5831(318)-210-5831,(318)-210-5831,47,3/5/2014,1/17/2014,48
3407,97507630FKXTVWKL,2014.01.18 00:26:35,Tyrel,,,,,,,(281)-921-6372,(281)-921-6372,test,(281)-921-6372(281)-921-6372,(281)-921-6372,48,0,48,85873659STRVMPPW,2014.04.07 05:33:08,Eloise,Steuber,,,CA,61626,claimofficesuperpluslot@gmail.com,(281)-921-6372,(281)-921-6372,test,(281)-921-6372(281)-921-6372,(281)-921-6372claimofficesuperpluslot@gmail.com,48,4/7/2014,1/18/2014,79
3428,68242081XXKVPQPF,2014.01.18 02:16:15,Wilford,Reinger,,,GA,,,(716)-546-8316,(716)-546-8316,test,(716)-546-8316(716)-546-8316,(716)-546-8316,49,0,49,60111416INZUXOZB,2014.03.08 17:10:21,Trent,Sipes,,,AZ,,nazekhariri12@yahoo.comDear,(716)-546-8316,(716)-546-8316,test,(716)-546-8316(716)-546-8316,(716)-546-8316nazekhariri12@yahoo.comDear,49,3/8/2014,1/18/2014,50
3559,59793326TOQCQPLX,2014.01.18 13:08:20,Roxane,,,,,,,(719)-452-9987,(719)-452-9987,test,(719)-452-9987(719)-452-9987,(719)-452-9987,50,50,50,27313702ZHAOJCPS,2014.03.10 07:07:04,Leonel,Huel,,,MN,21923-1060,,(719)-452-9987,(719)-452-9987,test,(719)-452-9987(719)-452-9987,(719)-452-9987,50,3/10/2014,1/18/2014,51
3601,02572156TWZMMCWA,2014.01.18 16:39:00,Ova,,,,,,,(364)-095-9622,(364)-095-9622,test,(364)-095-9622(364)-095-9622,(364)-095-9622,51,51,51,14692714SXDMAOHO,2014.03.10 09:31:09,Liliane,,,,,,,(364)-095-9622,(364)-095-9622,test,(364)-095-9622(364)-095-9622,(364)-095-9622,51,3/10/2014,1/18/2014,51
3744,57824008HGUXWDLO,2014.01.19 04:30:31,Tremaine,,,,WV,,,(214)-494-6662,(214)-494-6662,control,(214)-494-6662(214)-494-6662,(214)-494-6662,52,0,52,52984061FDNBHWHE,2014.02.08 05:31:54,Otis,Bayer,,,MA,39565-5889,collinzbrown07@yahoo.com,(214)-494-6662,(214)-494-6662,control,(214)-494-6662(214)-494-6662,(214)-494-6662collinzbrown07@yahoo.com,52,2/8/2014,1/19/2014,20
3784,65717164WLIOVMTA,2014.01.19 07:40:09,Juliana,,,,PA,,,(831)-601-9395,(831)-601-9395,test,(831)-601-9395(831)-601-9395,(831)-601-9395,53,53,53,04318842LNQXZRHJ,2014.03.11 17:43:53,Maudie,,,,NH,,,(831)-601-9395,(831)-601-9395,test,(831)-601-9395(831)-601-9395,(831)-601-9395,53,3/11/2014,1/19/2014,51
3845,06140682FDKDPUUH,2014.01.19 12:41:59,Evie,Russel,,,MA,,,(762)-871-4822,(762)-871-4822,test,(762)-871-4822(762)-871-4822,(762)-871-4822,54,0,54,48397926LZYSNGMI,2014.03.12 10:47:37,Lindsay,Welch,,,IL,91404-6603,johnkssi1971@emailclick.com,(762)-871-4822,(762)-871-4822,test,(762)-871-4822(762)-871-4822,(762)-871-4822johnkssi1971@emailclick.com,54,3/12/2014,1/19/2014,52
3974,87060290QNSQTHAP,2014.01.19 23:32:47,Trenton,Smith,,,TN,23007-1610,saliu999@yahoo.fr,(313)-111-6410,(914)-540-3111,test,(313)-111-6410(914)-540-3111,(313)-111-6410saliu999@yahoo.fr,55,55,55,05327774TDAMUYZQ,2014.02.23 11:54:22,Luciano,Waelchi,,,NJ,96472,saliu999@yahoo.fr,(313)-111-6410,(914)-540-3111,test,(313)-111-6410(914)-540-3111,(313)-111-6410saliu999@yahoo.fr,55,2/23/2014,1/19/2014,35
4054,89584409JCFWNJAY,2014.01.20 06:10:24,Amari,,,,NY,,,(570)-838-6529,(570)-838-6529,test,(570)-838-6529(570)-838-6529,(570)-838-6529,56,56,56,45890926IVNUEULU,2014.03.14 14:32:22,Rigoberto,,,,SC,,,(570)-838-6529,(570)-838-6529,test,(570)-838-6529(570)-838-6529,(570)-838-6529,56,3/14/2014,1/20/2014,53
4078,77657118CGJAHESO,2014.01.20 08:03:11,Rebeca,,,,,,,(978)-481-2855,(978)-481-2855,control,(978)-481-2855(978)-481-2855,(978)-481-2855,57,57,57,83665231QXDBZWOY,2014.02.26 21:53:04,Lionel,Cartwright,,,MA,,,(978)-481-2855,(978)-481-2855,control,(978)-481-2855(978)-481-2855,(978)-481-2855,57,2/26/2014,1/20/2014,38
4092,19764803ABIENJTC,2014.01.20 09:08:54,Alison,Christiansen,,,PA,,,(669)-684-0036,(669)-684-0036,test,(669)-684-0036(669)-684-0036,(669)-684-0036,58,58,58,82769579BISDNREM,2014.03.14 18:40:45,Clare,Schoen,,,IN,,,(669)-684-0036,(669)-684-0036,test,(669)-684-0036(669)-684-0036,(669)-684-0036,58,3/14/2014,1/20/2014,53
4146,04709425HKXFONAV,2014.01.20 13:41:50,Adolf,,,,,,,(415)-573-6475,(415)-573-6475,test,(415)-573-6475(415)-573-6475,(415)-573-6475,59,0,59,94845235XSBYREVL,2014.03.15 02:16:58,Deon,Hammes,,,NJ,44322-6089,zentecltdagent@contractor.net,(415)-573-6475,(415)-573-6475,test,(415)-573-6475(415)-573-6475,(415)-573-6475zentecltdagent@contractor.net,59,3/15/2014,1/20/2014,54
4151,89868079VZQYHFKC,2014.01.20 14:03:57,Christopher,,,,,,,(870)-100-1627,(870)-100-1627,control,(870)-100-1627(870)-100-1627,(870)-100-1627,60,0,60,91448598GGDRORLH,2014.02.28 12:06:52,Jaquan,Deckow,,,FL,47481,emeruem_unionbank@tlen.pl,(870)-100-1627,(870)-100-1627,control,(870)-100-1627(870)-100-1627,(870)-100-1627emeruem_unionbank@tlen.pl,60,2/28/2014,1/20/2014,39
4184,73089092SNTJDABL,2014.01.20 16:45:53,Collin,,,,MT,87293-2137,,(646)-911-6551,(646)-911-6551,test,(646)-911-6551(646)-911-6551,(646)-911-6551,61,0,61,08900044AUVVQFNL,2014.02.11 18:53:18,Josephine,Nienow,,,AR,26133,rev_paul@live.com,(646)-911-6551,(646)-911-6551,test,(646)-911-6551(646)-911-6551,(646)-911-6551rev_paul@live.com,61,2/11/2014,1/20/2014,22
4220,47618356SNQOSJJP,2014.01.20 19:43:32,Houston,Zieme,,,IA,22215-6354,ingchunyliu@walla.com,(616)-613-2340,(810)-949-8052,test,(616)-613-2340(810)-949-8052,(616)-613-2340ingchunyliu@walla.com,62,62,62,81217442ZHUKODJY,2014.04.14 18:12:41,Margarita,Schowalter,,,OK,77715,ingchunyliu@walla.com,(616)-613-2340,(810)-949-8052,test,(616)-613-2340(810)-949-8052,(616)-613-2340ingchunyliu@walla.com,62,4/14/2014,1/20/2014,84
4222,18526731OOACLFAX,2014.01.20 19:52:45,Arne,,,,,,,(209)-152-0436,(209)-152-0436,test,(209)-152-0436(209)-152-0436,(209)-152-0436,63,63,63,23509589WOAUFPDT,2014.03.17 00:33:32,Jeff-Test-ID-4213,WebTest,63971 Claire Points,South Abelland,CA,84043,,(209)-152-0436,(209)-152-0436,test,(209)-152-0436(209)-152-0436,(209)-152-0436,63,3/17/2014,1/20/2014,55
4351,30458567ETVTYNHJ,2014.01.21 06:48:35,Sarah,,,,,,,(308)-311-6129,(308)-311-6129,test,(308)-311-6129(308)-311-6129,(308)-311-6129,64,64,64,98543123YORFEZNS,2014.03.03 03:16:29,Cecilia,McLaughlin,,,TN,61416-3801,,(308)-311-6129,(308)-311-6129,test,(308)-311-6129(308)-311-6129,(308)-311-6129,64,3/3/2014,1/21/2014,41
4353,86656099EEQDYCHL,2014.01.21 06:59:30,Golden,Zemlak,25752 Cummings Lodge,Port Zakary,NH,36659,atmcustomercare171@gmail.com,(352)-031-9389,(352)-031-9389,control,(352)-031-9389(352)-031-9389,(352)-031-9389atmcustomercare171@gmail.com,65,65,65,72470549ZHXARTRI,2014.02.28 03:23:14,Benjamin,Goldner,5339 Hirthe Crossing,Dietrichborough,OR,50472-0280,atmcustomercare171@gmail.com,(352)-031-9389,(352)-031-9389,control,(352)-031-9389(352)-031-9389,(352)-031-9389atmcustomercare171@gmail.com,65,2/28/2014,1/21/2014,38
4485,81250302IVJBVFQN,2014.01.21 18:18:58,Myron,,,,,,,(443)-104-1460,(443)-104-1460,test,(443)-104-1460(443)-104-1460,(443)-104-1460,66,0,66,56551102DRYSXUGQ,2014.03.17 08:59:59,Annamarie,Weber,,,IL,71131,jlhulen@yahoo.com.cn,(443)-104-1460,(443)-104-1460,test,(443)-104-1460(443)-104-1460,(443)-104-1460jlhulen@yahoo.com.cn,66,3/17/2014,1/21/2014,55
4490,79088836FRKPVSCN,2014.01.21 18:47:47,Iliana,Roob,,,ME,,,(360)-306-5132,(360)-306-5132,test,(360)-306-5132(360)-306-5132,(360)-306-5132,67,0,67,25053734KZCZCSAS,2014.03.17 10:26:12,Junior,Franecki,2925 Walker Trail,Jerroldland,MN,52460,jamesmoyo2010@gmail.com,(360)-306-5132,(360)-306-5132,test,(360)-306-5132(360)-306-5132,(360)-306-5132jamesmoyo2010@gmail.com,67,3/17/2014,1/21/2014,55
4525,11787571TBZSOISX,2014.01.21 21:35:12,Dolly,,,,IA,,,(617)-996-4849,(617)-996-4849,test,(617)-996-4849(617)-996-4849,(617)-996-4849,68,68,68,04727670JZFLXTMA,2014.03.17 14:29:11,Hazel,,,,,,,(617)-996-4849,(617)-996-4849,test,(617)-996-4849(617)-996-4849,(617)-996-4849,68,3/17/2014,1/21/2014,55
4579,42048763DFXHZJEY,2014.01.22 02:03:04,Herminio,,,,,,,(209)-512-7516,(209)-512-7516,test,(209)-512-7516(209)-512-7516,(209)-512-7516,69,69,69,61262303OPJWSMDV,2014.03.17 21:09:38,Drake,,,,DE,,,(209)-512-7516,(209)-512-7516,test,(209)-512-7516(209)-512-7516,(209)-512-7516,69,3/17/2014,1/22/2014,55
4589,99426446OQZDSRWM,2014.01.22 02:49:54,Rylan,,,,ND,,,(412)-699-8447,(412)-699-8447,test,(412)-699-8447(412)-699-8447,(412)-699-8447,70,70,70,53035610VNQVZIAG,2014.03.17 22:21:39,Baron,,,,,,,(412)-699-8447,(412)-699-8447,test,(412)-699-8447(412)-699-8447,(412)-699-8447,70,3/17/2014,1/22/2014,55
4613,42428105YUOXDJUG,2014.01.22 04:51:35,Emile,,,,,,,(430)-978-9450,(430)-978-9450,test,(430)-978-9450(430)-978-9450,(430)-978-9450,71,0,71,80444742OILYHOAB,2014.03.18 02:07:29,Max,Hermiston,,,IA,,ecsynagogue@btconnect.com,(430)-978-9450,(430)-978-9450,test,(430)-978-9450(430)-978-9450,(430)-978-9450ecsynagogue@btconnect.com,71,3/18/2014,1/22/2014,55
4716,83652058ZWIKYLEO,2014.01.22 13:33:23,Sylvester,,,,,,,(863)-149-4009,(863)-149-4009,test,(863)-149-4009(863)-149-4009,(863)-149-4009,72,72,72,45990654JSADBAFM,2014.02.13 03:11:31,Lennie,,,,WI,,,(863)-149-4009,(863)-149-4009,test,(863)-149-4009(863)-149-4009,(863)-149-4009,72,2/13/2014,1/22/2014,22
4734,06779516LZYUKSNF,2014.01.22 15:09:11,,,,,,,,(878)-979-4443,(878)-979-4443,control,(878)-979-4443(878)-979-4443,(878)-979-4443,73,0,73,65546331DWNHGPSH,2014.03.19 06:39:03,Sedrick,Prosacco,,,AL,57625,jane-wong1@live.com,(878)-979-4443,(878)-979-4443,control,(878)-979-4443(878)-979-4443,(878)-979-4443jane-wong1@live.com,73,3/19/2014,1/22/2014,56
4761,06347532WAOWUTLI,2014.01.22 17:30:04,Alvis,,,,SD,77172,,(217)-297-0510,(575)-116-0515,test,(217)-297-0510(575)-116-0515,(217)-297-0510,74,0,74,29227311QTFNKMUJ,2014.03.19 07:59:58,Alessandra,Nikolaus,,,DE,34994,mr.chen063@hotmail.com,(217)-297-0510,(575)-116-0515,test,(217)-297-0510(575)-116-0515,(217)-297-0510mr.chen063@hotmail.com,74,3/19/2014,1/22/2014,56
4767,66193551WESPQTOL,2014.01.22 18:00:14,,,,,,,,(435)-595-8626,(435)-595-8626,test,(435)-595-8626(435)-595-8626,(435)-595-8626,75,75,75,31562987OYYYWAZK,2014.03.19 10:25:05,Ali,Spencer,,,CT,31758,,(435)-595-8626,(435)-595-8626,test,(435)-595-8626(435)-595-8626,(435)-595-8626,75,3/19/2014,1/22/2014,56
4858,32103307LIVKSAQN,2014.01.23 01:27:19,Brice,,,,,,,(929)-036-8291,(929)-036-8291,control,(929)-036-8291(929)-036-8291,(929)-036-8291,76,76,76,09560956TIZULNEC,2014.02.25 23:04:04,Adrain,,,,MN,,,(929)-036-8291,(929)-036-8291,control,(929)-036-8291(929)-036-8291,(929)-036-8291,76,2/25/2014,1/23/2014,34
4953,55146643EDQRLSMJ,2014.01.23 09:09:08,Polly,,,,,,,(212)-868-1625,(212)-868-1625,control,(212)-868-1625(212)-868-1625,(212)-868-1625,77,77,77,23586873NAJEPRAM,2014.03.20 01:36:57,Delores,,,,MD,,,(212)-868-1625,(212)-868-1625,control,(212)-868-1625(212)-868-1625,(212)-868-1625,77,3/20/2014,1/23/2014,56
5062,14961736DYWMDGWT,2014.01.23 18:04:37,Jeff,Stehr,,,,,,(682)-322-4645,(682)-322-4645,control,(682)-322-4645(682)-322-4645,(682)-322-4645,78,0,78,29322511JEJCIVEN,2014.03.17 22:52:42,Leatha,Eichmann,,,AZ,29147,atlantico.manager2009@gmail.com,(682)-322-4645,(682)-322-4645,control,(682)-322-4645(682)-322-4645,(682)-322-4645atlantico.manager2009@gmail.com,78,3/17/2014,1/23/2014,53
5127,09931778JDHGHZLS,2014.01.23 23:47:40,Ubaldo,,,,NH,,,(215)-838-3760,(215)-838-3760,control,(215)-838-3760(215)-838-3760,(215)-838-3760,79,79,79,17998282DKKDQBMM,2014.03.22 05:10:37,Leonor,Collier,,,,,,(215)-838-3760,(215)-838-3760,control,(215)-838-3760(215)-838-3760,(215)-838-3760,79,3/22/2014,1/23/2014,57
5268,66437889CIKXLKKG,2014.01.24 19:18:53,Chester,Trantow,,,MN,91672,dvmark65@presidency.com,,(414)-589-6618,test,(414)-589-6618,dvmark65@presidency.com,80,0,80,77145296ATGFCDXE,2014.04.12 13:07:48,Theodora,Cartwright,,,OH,48819,revwisdomsmith2011@live.com,,(414)-589-6618,test,(414)-589-6618,revwisdomsmith2011@live.com,80,4/12/2014,1/24/2014,78
5297,67658305JXHXWPTT,2014.01.25 09:27:07,Zander,O'Keefe,15503 Walker Ferry,Hackettberg,OH,40272,reg.kares@club-internet.fr,,(214)-624-6310,test,(214)-624-6310,reg.kares@club-internet.fr,81,0,81,83629918NJDXYEIF,2014.04.01 08:05:13,Keshawn,Metz,78244 Maximilian Run,Rosenbaumville,NH,99430,reg.kares@club-internet.fr,(214)-624-6310,,test,(214)-624-6310,(214)-624-6310reg.kares@club-internet.fr,81,4/1/2014,1/25/2014,66
5312,85513135SVKYCVOC,2014.01.25 11:16:16,Annamarie,Mraz,3812 Cummerata Mountain,Leilaborough,ND,50504,tranferfundunit_rbs@9.cn,,(602)-175-3466,control,(602)-175-3466,tranferfundunit_rbs@9.cn,82,0,82,35814969OVOOXENX,2014.03.19 14:58:36,Larue,Turner,,,NJ,14617-0054,claims_pga12@live.com,(602)-175-3466,,control,(602)-175-3466,(602)-175-3466claims_pga12@live.com,82,3/19/2014,1/25/2014,53
5366,77169715JUKXATFD,2014.01.26 14:49:55,Florida,,,,,,,(502)-923-7583,(502)-923-7583,test,(502)-923-7583(502)-923-7583,(502)-923-7583,83,0,83,35504287IJUZKWGG,2014.02.14 19:45:30,Vince,Cruickshank,,,NC,60110,ipbn2006@web2mail.com,(502)-923-7583,(502)-923-7583,test,(502)-923-7583(502)-923-7583,(502)-923-7583ipbn2006@web2mail.com,83,2/14/2014,1/26/2014,19
5384,32917633HOSCTTYC,2014.01.26 16:20:58,Pierre,,,,SC,,,(413)-335-1175,(413)-335-1175,test,(413)-335-1175(413)-335-1175,(413)-335-1175,84,84,84,75837427SVAAXVWY,2014.03.29 04:16:10,Therese,,,,OK,,,(413)-335-1175,(413)-335-1175,test,(413)-335-1175(413)-335-1175,(413)-335-1175,84,3/29/2014,1/26/2014,61
5535,75903472JJHBHXLP,2014.01.28 00:55:21,Elroy,,,,,,,(269)-387-9928,(269)-387-9928,test,(269)-387-9928(269)-387-9928,(269)-387-9928,85,0,85,58699394YEJHGLLW,2014.04.01 02:06:12,Mackenzie,Ward,,,GA,11491-7625,chrisalabi775@gmail.com,(269)-387-9928,(269)-387-9928,test,(269)-387-9928(269)-387-9928,(269)-387-9928chrisalabi775@gmail.com,85,4/1/2014,1/28/2014,63
5633,21038246TJAPGCIR,2014.01.28 09:06:08,Myles,,,,,,,(405)-894-3424,(405)-894-3424,test,(405)-894-3424(405)-894-3424,(405)-894-3424,86,0,86,96573641NRVCRYML,2014.03.08 11:43:51,Rory,Harvey,,,TX,,info_westernunion2@yahoo.com,(405)-894-3424,(405)-894-3424,test,(405)-894-3424(405)-894-3424,(405)-894-3424info_westernunion2@yahoo.com,86,3/8/2014,1/28/2014,39
5785,56817372NOWXHZPK,2014.01.28 21:35:57,Stanton,,,,,,,(804)-359-9484,(804)-359-9484,control,(804)-359-9484(804)-359-9484,(804)-359-9484,87,87,87,36636076ASUIBUUV,2014.04.02 21:49:06,Pietro,Zemlak,,,GA,,,(804)-359-9484,(804)-359-9484,control,(804)-359-9484(804)-359-9484,(804)-359-9484,87,4/2/2014,1/28/2014,64
5868,28502212AMSABBKV,2014.01.29 04:31:23,Cali,Block,,,CO,,jean_kouame005@yahoo.co.jp,(848)-797-0034,(848)-797-0034,control,(848)-797-0034(848)-797-0034,(848)-797-0034jean_kouame005@yahoo.co.jp,88,88,88,76055950KKAJORVV,2014.04.01 19:17:59,Arthur,Powlowski,,,NH,74672,jean_kouame005@yahoo.co.jp,(848)-797-0034,(848)-797-0034,control,(848)-797-0034(848)-797-0034,(848)-797-0034jean_kouame005@yahoo.co.jp,88,4/1/2014,1/29/2014,63
5938,09183365WJCPOUUH,2014.01.29 10:27:16,,,,,,,,(361)-805-8235,(361)-805-8235,test,(361)-805-8235(361)-805-8235,(361)-805-8235,89,89,89,08533322CEFVEYNC,2014.04.04 11:35:17,Dustin,Bradtke,,,OH,,,(361)-805-8235,(361)-805-8235,test,(361)-805-8235(361)-805-8235,(361)-805-8235,89,4/4/2014,1/29/2014,65
5944,81947658KLKFQCCT,2014.01.29 10:53:36,Chaya,,,,,,,(682)-247-3415,(682)-247-3415,test,(682)-247-3415(682)-247-3415,(682)-247-3415,90,0,90,54404934SVRIZNUO,2014.02.07 11:15:38,Dee,Marks,,,WI,19337-2962,greenstarexpress@whitianga.com,(682)-247-3415,(682)-247-3415,test,(682)-247-3415(682)-247-3415,(682)-247-3415greenstarexpress@whitianga.com,90,2/7/2014,1/29/2014,9
6013,55851556PKHIOZPJ,2014.01.29 16:42:01,Ulises,,,,FL,,,(386)-101-0410,,test,(386)-101-0410,(386)-101-0410,91,0,91,38719612ZZTKMVBP,2014.03.28 21:17:31,Jacquelyn,Pfannerstill,5434 Hickle Ramp,Hassiefort,WV,18529,xxxxxxxxxxxxx20000@att.net,(386)-101-0410,,test,(386)-101-0410,(386)-101-0410xxxxxxxxxxxxx20000@att.net,91,3/28/2014,1/29/2014,58
6089,22792983ALIPFJZJ,2014.01.29 23:15:48,Louie,,,,WV,81714-7891,,(203)-383-0679,(413)-746-0707,test,(203)-383-0679(413)-746-0707,(203)-383-0679,92,92,92,98217194KURGNHIE,2014.04.06 06:13:27,Peyton,,,,OR,54034,,(203)-383-0679,(413)-746-0707,test,(203)-383-0679(413)-746-0707,(203)-383-0679,92,4/6/2014,1/29/2014,66
6252,44645164YXKKQXUN,2014.01.30 12:52:12,Ceasar,Buckridge,,,HI,,,(415)-148-2815,(415)-148-2815,test,(415)-148-2815(415)-148-2815,(415)-148-2815,93,0,93,72461257ZNXLZBKZ,2014.04.02 11:14:57,Tatum,Beier,,,VT,,willi4_c@yahoo.co.jp,(415)-148-2815,(415)-148-2815,test,(415)-148-2815(415)-148-2815,(415)-148-2815willi4_c@yahoo.co.jp,93,4/2/2014,1/30/2014,62
6259,96563745LTJFWCJQ,2014.01.30 13:26:09,Justus,Pfannerstill,,,MN,,,(803)-956-0066,(803)-956-0066,test,(803)-956-0066(803)-956-0066,(803)-956-0066,94,94,94,22523283RJRHZXES,2014.04.07 18:15:19,Jamir,Champlin,,,IN,,,(803)-956-0066,(803)-956-0066,test,(803)-956-0066(803)-956-0066,(803)-956-0066,94,4/7/2014,1/30/2014,67
6288,24956263EGRRNZHS,2014.01.30 15:54:01,Marcia,,,,,,,(321)-194-4022,(321)-194-4022,test,(321)-194-4022(321)-194-4022,(321)-194-4022,95,0,95,39712705STMTSNCX,2014.04.08 01:59:55,Mac,Herzog,23908 Lavon Row,Lake Vedafort,HI,49334,lucygaloma@yahoo.com,(321)-194-4022,(321)-194-4022,test,(321)-194-4022(321)-194-4022,(321)-194-4022lucygaloma@yahoo.com,95,4/8/2014,1/30/2014,67
6316,79222550INSFQFPA,2014.01.30 18:01:31,Kamren,Bayer,933 Consuelo Walk,Leuschkefurt,TN,41410-7043,,(931)-046-4241,(931)-046-4241,test,(931)-046-4241(931)-046-4241,(931)-046-4241,96,0,96,25828496CZYCXWXU,2014.03.10 21:39:54,Kirk,Jacobson,7905 Champlin Springs,West Hardy,IN,95359,agent_williammoore_claims@yahoo.co.uk,(931)-046-4241,(931)-046-4241,test,(931)-046-4241(931)-046-4241,(931)-046-4241agent_williammoore_claims@yahoo.co.uk,96,3/10/2014,1/30/2014,39
6352,67149817FWWMXUBI,2014.01.30 20:57:42,Kobe,Nolan,,,WV,,,(321)-679-3741,(321)-679-3741,test,(321)-679-3741(321)-679-3741,(321)-679-3741,97,97,97,63752389LXPWZVPE,2014.04.08 22:07:38,Lorena,Howell,,,NY,,,(321)-679-3741,(321)-679-3741,test,(321)-679-3741(321)-679-3741,(321)-679-3741,97,4/8/2014,1/30/2014,68
6353,48660244CRIOJBXW,2014.01.30 21:01:25,Zelda,,,,DE,,,(920)-924-8443,(920)-924-8443,test,(920)-924-8443(920)-924-8443,(920)-924-8443,98,0,98,76410853CDWZOHFQ,2014.04.08 23:30:52,Demarcus,Stark,,,NV,,capt.dwood24@msn.com,(920)-924-8443,(920)-924-8443,test,(920)-924-8443(920)-924-8443,(920)-924-8443capt.dwood24@msn.com,98,4/8/2014,1/30/2014,68
6464,05316349LUTRWLTR,2014.01.31 06:12:05,Mervin,Tremblay,,,RI,,,(810)-259-3963,(810)-259-3963,test,(810)-259-3963(810)-259-3963,(810)-259-3963,99,99,99,07590629NEHKDIPG,2014.04.09 12:14:09,Antwan,Boyle,,,NC,,,(810)-259-3963,(810)-259-3963,test,(810)-259-3963(810)-259-3963,(810)-259-3963,99,4/9/2014,1/31/2014,68
6589,81801918BMCTGPZK,2014.01.31 16:47:38,,,,,,,,(765)-788-0104,(765)-788-0104,test,(765)-788-0104(765)-788-0104,(765)-788-0104,100,0,100,44548218UAMYOQNF,2014.02.05 14:59:50,Tara,Cummings,,,WA,22475,diplomabureau@mail2webmaster.com,(765)-788-0104,(765)-788-0104,test,(765)-788-0104(765)-788-0104,(765)-788-0104diplomabureau@mail2webmaster.com,100,2/5/2014,1/31/2014,5
6630,55271288LSZVXNDN,2014.02.01 07:11:59,Lexi,Purdy,,,CA,90496,sarafnaden@yahoo.cn,,(678)-004-6224,test,(678)-004-6224,sarafnaden@yahoo.cn,101,101,101,93249000EKPUYWLT,2014.03.27 16:09:02,Santos,Bayer,,,HI,73773-5004,sarafnaden@yahoo.cn,,(678)-004-6224,test,(678)-004-6224,sarafnaden@yahoo.cn,101,3/27/2014,2/1/2014,54
6633,59514705BPXPNSYA,2014.02.01 08:37:16,Tito,Hartmann,,,UT,50168,emily.queen22@yahoo.com,,(860)-434-6592,test,(860)-434-6592,emily.queen22@yahoo.com,102,0,102,98143513TBIOFBHF,2014.04.20 22:01:21,Lurline,Rosenbaum,,,RI,88996,emily.queen22@yahoo.com,(860)-434-6592,,test,(860)-434-6592,(860)-434-6592emily.queen22@yahoo.com,102,4/20/2014,2/1/2014,79
6657,43423964JLQKANEH,2014.02.01 18:08:43,Rhiannon,Wiegand,,,,,,(772)-667-5196,(772)-667-5196,test,(772)-667-5196(772)-667-5196,(772)-667-5196,103,0,103,41778935BSJTRYZH,2014.03.21 23:45:13,Lurline,D'Amore,,,MO,80096,mr.bencorolla34@gmail.com,(772)-667-5196,(772)-667-5196,test,(772)-667-5196(772)-667-5196,(772)-667-5196mr.bencorolla34@gmail.com,103,3/21/2014,2/1/2014,48
6703,34611398KGWJBJUG,2014.02.01 22:13:19,Jarrett,,,,NE,,,(228)-321-3425,(228)-321-3425,control,(228)-321-3425(228)-321-3425,(228)-321-3425,104,0,104,46689475BQFQHNPS,2014.04.10 07:34:03,Lucius,Mann,,,IN,20851,mmustapha_31@hotmail.com,(228)-321-3425,(228)-321-3425,control,(228)-321-3425(228)-321-3425,(228)-321-3425mmustapha_31@hotmail.com,104,4/10/2014,2/1/2014,67
6916,44697959JFYISHWU,2014.02.02 15:54:45,Mortimer,Effertz,,,VT,,,(717)-965-5247,(717)-965-5247,test,(717)-965-5247(717)-965-5247,(717)-965-5247,105,105,105,32173883QCTSAYNT,2014.04.17 11:28:42,Alaina,Mayer,,,MN,,,(717)-965-5247,(717)-965-5247,test,(717)-965-5247(717)-965-5247,(717)-965-5247,105,4/17/2014,2/2/2014,74
7077,99013147UOKBUQKI,2014.02.03 05:29:36,Simone,,,,RI,,,(443)-050-7438,(443)-050-7438,test,(443)-050-7438(443)-050-7438,(443)-050-7438,106,106,106,50046917FLRTVHPG,2014.04.18 07:55:28,Jaunita,Schiller,,,,,,(443)-050-7438,(443)-050-7438,test,(443)-050-7438(443)-050-7438,(443)-050-7438,106,4/18/2014,2/3/2014,74
7116,99999205YRSSYIHS,2014.02.03 08:45:30,Noemy,,,,NC,,,(319)-555-0156,(319)-555-0156,test,(319)-555-0156(319)-555-0156,(319)-555-0156,107,0,107,05461608EVRTYVWK,2014.03.15 09:51:54,Elouise,Huel,,,KS,65875,gbbok09@aol.co.uk,(319)-555-0156,(319)-555-0156,test,(319)-555-0156(319)-555-0156,(319)-555-0156gbbok09@aol.co.uk,107,3/15/2014,2/3/2014,40
7149,73168175TUUKABQE,2014.02.03 11:28:26,Eloise,,,,,,,(207)-726-7898,(207)-726-7898,test,(207)-726-7898(207)-726-7898,(207)-726-7898,108,0,108,91961689ANTNVPFY,2014.04.20 05:10:09,Santino,Flatley,,,FL,64461,tom_box1@yahoo.co.uk,(207)-726-7898,(207)-726-7898,test,(207)-726-7898(207)-726-7898,(207)-726-7898tom_box1@yahoo.co.uk,108,4/20/2014,2/3/2014,76
7230,32404227UDOVEJFT,2014.02.03 18:12:34,Urban,,,,SC,,,(909)-846-4261,(909)-846-4261,test,(909)-846-4261(909)-846-4261,(909)-846-4261,109,0,109,15295469ZCLASKKN,2014.04.20 23:26:43,Lauriane,Bartoletti,,,,,john.obi099@yahoo.com,(909)-846-4261,(909)-846-4261,test,(909)-846-4261(909)-846-4261,(909)-846-4261john.obi099@yahoo.com,109,4/20/2014,2/3/2014,76
7233,73146393ZWTZJMCA,2014.02.03 18:25:23,Brando,Hamill,,,VA,,,(229)-325-4154,(229)-325-4154,test,(229)-325-4154(229)-325-4154,(229)-325-4154,110,110,110,79748300AHSCHTAC,2014.03.21 03:55:59,Autumn,Stehr,,,,,,(229)-325-4154,(229)-325-4154,test,(229)-325-4154(229)-325-4154,(229)-325-4154,110,3/21/2014,2/3/2014,45
212,72535168IUDJYABX,2014.01.06 21:51:20,Deontae,,,,,,,(385)-720-2094,(423)-618-4176,test,(385)-720-2094(423)-618-4176,(385)-720-2094,0,111,111,98840679LDLDQASC,2014.02.06 05:24:11,Marcus,Gutkowski,147 Sherwood Plain,,NY,,,(385)-720-2094,(248)-169-6080,test,(385)-720-2094(248)-169-6080,(385)-720-2094,111,2/6/2014,1/6/2014,30
323,81997214OOEKQCCZ,2014.01.07 07:04:56,Kaitlin,,,,MI,,,(270)-976-8746,(270)-976-8746,test,(270)-976-8746(270)-976-8746,(270)-976-8746,0,112,112,43461395QNUVRVXF,2014.02.07 04:42:31,Agustin,Koepp,,,TX,,,(270)-976-8746,,test,(270)-976-8746,(270)-976-8746,112,2/7/2014,1/7/2014,31
354,29788310DXSYOYWT,2014.01.07 09:40:59,Sincere,Denesik,,,OR,75963-5199,paulobi444@gmail.com,(615)-690-7091,(615)-690-7091,test,(615)-690-7091(615)-690-7091,(615)-690-7091paulobi444@gmail.com,0,113,113,60663181HOGGBQYS,2014.02.07 06:49:35,Loy,Nader,,,AL,67709,paulobi444@gmail.com,(615)-690-7091,,test,(615)-690-7091,(615)-690-7091paulobi444@gmail.com,113,2/7/2014,1/7/2014,31
436,02097717MEMMKLLQ,2014.01.07 16:24:07,Bradly,Little,,,NE,,antifraudefcc_ng@aol.in,(321)-492-4457,(321)-492-4457,test,(321)-492-4457(321)-492-4457,(321)-492-4457antifraudefcc_ng@aol.in,0,114,114,76211951FCZYTCVN,2014.02.08 08:51:24,Dillon,Quitzon,,,AK,46695-9066,antifraudefcc_ng@aol.in,(321)-492-4457,,test,(321)-492-4457,(321)-492-4457antifraudefcc_ng@aol.in,114,2/8/2014,1/7/2014,32
493,67640095KCGNLQMI,2014.01.07 21:06:24,Janice,Kreiger,,,NJ,,hpham0806@yahoo.com.hk,(410)-262-5411,(410)-262-5411,test,(410)-262-5411(410)-262-5411,(410)-262-5411hpham0806@yahoo.com.hk,0,116,116,41117943EVEVTXWB,2014.02.08 19:20:49,Alexzander,McLaughlin,,,WI,92791,hpham0806@yahoo.com.hk,(410)-262-5411,,test,(410)-262-5411,(410)-262-5411hpham0806@yahoo.com.hk,116,2/8/2014,1/7/2014,32
657,16265394UDPSUFYZ,2014.01.08 11:01:06,Guillermo,Murray,,,WV,96630-9481,rev.franceskukah@earthlink.net,(904)-180-2988,(904)-180-2988,test,(904)-180-2988(904)-180-2988,(904)-180-2988rev.franceskukah@earthlink.net,0,117,117,71075694NLGBKGTK,2014.02.12 19:12:57,Parker,Ortiz,,,MA,38349,rev.franceskukah@earthlink.net,(904)-180-2988,,test,(904)-180-2988,(904)-180-2988rev.franceskukah@earthlink.net,117,2/12/2014,1/8/2014,35
666,61241636URVIAPSL,2014.01.08 11:43:51,Christ,Cummerata,611 Dietrich Plains,North Dixiebury,ND,61906-9360,mrs_chloe_oliver_fa@live.com,(424)-889-0697,(424)-889-0697,control,(424)-889-0697(424)-889-0697,(424)-889-0697mrs_chloe_oliver_fa@live.com,0,118,118,48118162DVITZDYI,2014.02.09 01:45:56,Octavia,Skiles,983 Celestino Ranch,South Cyril,NY,53924,mrs_chloe_oliver_fa@live.com,(424)-889-0697,,control,(424)-889-0697,(424)-889-0697mrs_chloe_oliver_fa@live.com,118,2/9/2014,1/8/2014,32
677,37659932KLBDNUYS,2014.01.08 12:36:14,Norris,Brakus,,,NE,92171-7018,steve.franciss31@yahoo.com.ph,(813)-361-5893,(813)-361-5893,test,(813)-361-5893(813)-361-5893,(813)-361-5893steve.franciss31@yahoo.com.ph,0,119,119,90061617TSRFULZQ,2014.02.14 20:36:39,Salvatore,Willms,,,WA,23836,steve.franciss31@yahoo.com.ph,(813)-361-5893,,test,(813)-361-5893,(813)-361-5893steve.franciss31@yahoo.com.ph,119,2/14/2014,1/8/2014,37
908,17499291JKAWZZXU,2014.01.09 07:44:48,Sydnie,Yundt,,,SC,14040-9698,ayo_bami35@yahoo.co.in,(413)-905-2389,(413)-905-2389,test,(413)-905-2389(413)-905-2389,(413)-905-2389ayo_bami35@yahoo.co.in,0,120,120,57259418DGVFUZNW,2014.02.12 18:37:15,Carlo,Christiansen,,,MN,65233-8171,ayo_bami35@yahoo.co.in,(413)-905-2389,,test,(413)-905-2389,(413)-905-2389ayo_bami35@yahoo.co.in,120,2/12/2014,1/9/2014,34
944,34919513EBIHLTRE,2014.01.09 10:44:16,Oliver,Veum,2535 Tara Circles,New Daisha,VA,79688,markchrist20@yahoo.com,(272)-998-4087,(272)-998-4087,test,(272)-998-4087(272)-998-4087,(272)-998-4087markchrist20@yahoo.com,0,121,121,40664577NGYIHXKD,2014.02.16 18:10:32,Marguerite,Hermann,931 Rosetta Trail,West Kentown,VT,56011,markchrist20@yahoo.com,(272)-998-4087,,test,(272)-998-4087,(272)-998-4087markchrist20@yahoo.com,121,2/16/2014,1/9/2014,38
970,22575106XMTQEMDO,2014.01.09 12:51:36,Roxane,Muller,,,PA,43376-2190,johnboardman25@yahoo.co.uk,(734)-755-0949,(734)-755-0949,test,(734)-755-0949(734)-755-0949,(734)-755-0949johnboardman25@yahoo.co.uk,0,122,122,90597045XIFYHIPB,2014.02.13 09:14:44,Garland,Hyatt,,,MN,78281-7024,johnboardman25@yahoo.co.uk,(734)-755-0949,,test,(734)-755-0949,(734)-755-0949johnboardman25@yahoo.co.uk,122,2/13/2014,1/9/2014,35
984,15099558DQZVTJGN,2014.01.09 14:03:51,Dameon,Okuneva,,,,,atm_payment@excite.com,(914)-871-6752,(914)-871-6752,control,(914)-871-6752(914)-871-6752,(914)-871-6752atm_payment@excite.com,0,123,123,94940771LBRKYLUY,2014.02.05 21:54:20,Ceasar,Osinski,,,MD,82215,atm_payment@excite.com,(914)-871-6752,,control,(914)-871-6752,(914)-871-6752atm_payment@excite.com,123,2/5/2014,1/9/2014,27
1038,93066685CFFIJYTK,2014.01.09 18:23:44,Doyle,Prohaska,77384 Katelin Run,Morarhaven,ND,87309,sonita_henry4@msn.com,(585)-312-6384,(585)-312-6384,test,(585)-312-6384(585)-312-6384,(585)-312-6384sonita_henry4@msn.com,0,124,124,99555330DBLIZSHT,2014.02.11 03:52:18,Mario,Goodwin,400 Jeff Oval,Robertschester,WI,58431-6521,sonita_henry4@msn.com,(585)-312-6384,,test,(585)-312-6384,(585)-312-6384sonita_henry4@msn.com,124,2/11/2014,1/9/2014,32
1086,60755467NNIXFUGN,2014.01.09 22:21:06,Ansel,Dickens,,,DE,,ezeh2010@mail.mn,(724)-666-0786,(724)-666-0786,test,(724)-666-0786(724)-666-0786,(724)-666-0786ezeh2010@mail.mn,0,125,125,24719618KHTRLJQJ,2014.02.14 07:35:47,Lonzo,Rath,,,AZ,99736-9289,ezeh2010@mail.mn,(724)-666-0786,,test,(724)-666-0786,(724)-666-0786ezeh2010@mail.mn,125,2/14/2014,1/9/2014,35
1137,78547154OOWTNFGI,2014.01.10 02:28:39,,,,,,,,(802)-665-5195,(802)-665-5195,test,(802)-665-5195(802)-665-5195,(802)-665-5195,0,126,126,97533233SMTSDZXL,2014.03.07 11:36:20,Carleton,Kiehn,,,ID,82130,,(802)-665-5195,,test,(802)-665-5195,(802)-665-5195,126,3/7/2014,1/10/2014,56
1198,41039308GRXXGBDU,2014.01.10 07:30:50,Lavern,Beier,,,OH,,,(561)-125-6019,(561)-125-6019,test,(561)-125-6019(561)-125-6019,(561)-125-6019,0,127,127,57554558QLORJZXL,2014.02.08 03:40:04,Brennon,Schmeler,,,NC,,,(561)-125-6019,(314)-129-1316,test,(561)-125-6019(314)-129-1316,(561)-125-6019,127,2/8/2014,1/10/2014,29
1495,96733639FRKHJESB,2014.01.11 08:39:15,Daija,Morar,,,,,zenith.douglas_tonyson@hotmail.com,(843)-373-0789,(843)-373-0789,test,(843)-373-0789(843)-373-0789,(843)-373-0789zenith.douglas_tonyson@hotmail.com,0,128,128,19242174CWEMJFEP,2014.02.18 16:46:03,Francisco,Gleason,,,KY,38679,zenith.douglas_tonyson@hotmail.com,(843)-373-0789,,test,(843)-373-0789,(843)-373-0789zenith.douglas_tonyson@hotmail.com,128,2/18/2014,1/11/2014,38
1584,02797367CFJIIXSM,2014.01.11 16:16:53,Bonita,Schinner,402 Eula Mountain,South Michaela,FL,67757,safia00004@yahoo.co.jp,(662)-446-9292,(662)-446-9292,test,(662)-446-9292(662)-446-9292,(662)-446-9292safia00004@yahoo.co.jp,0,129,129,19352802IKZMJMIN,2014.02.19 18:49:51,Carolyne,Cummings,8625 Corwin Ways,East Alyciaton,TN,10508-7479,safia00004@yahoo.co.jp,(662)-446-9292,,test,(662)-446-9292,(662)-446-9292safia00004@yahoo.co.jp,129,2/19/2014,1/11/2014,39
1754,64208079KZFPSMKU,2014.01.12 06:25:22,Bradly,Graham,,,VT,61750-2731,collins_udoka99@yahoo.co.jp,(531)-835-6033,(573)-745-8950,test,(531)-835-6033(573)-745-8950,(531)-835-6033collins_udoka99@yahoo.co.jp,0,130,130,88633771PQXQSGCA,2014.02.21 03:03:51,Sage,Spencer,,,VA,39682-1428,collins_udoka99@yahoo.co.jp,(531)-835-6033,,test,(531)-835-6033,(531)-835-6033collins_udoka99@yahoo.co.jp,130,2/21/2014,1/12/2014,40
1791,04234100TLSARGBK,2014.01.12 09:36:26,Chyna,Fisher,,,OH,24499-3195,SJPWM@financier.com,(832)-846-6355,(832)-846-6355,test,(832)-846-6355(832)-846-6355,(832)-846-6355SJPWM@financier.com,0,131,131,18106821SHWTWXLS,2014.03.15 11:49:37,Marquis,Jacobi,,,WV,53635-7985,SJPWM@financier.com,(832)-846-6355,,test,(832)-846-6355,(832)-846-6355SJPWM@financier.com,131,3/15/2014,1/12/2014,62
1831,58526378KSXIFPUT,2014.01.12 12:55:53,Ronaldo,Kuhic,702 Champlin Mill,New Loganhaven,CA,27693,wowo_cc1@yahoo.com,(304)-166-8514,(304)-166-8514,test,(304)-166-8514(304)-166-8514,(304)-166-8514wowo_cc1@yahoo.com,0,132,132,65298314NQCHYIDJ,2014.02.17 15:51:11,Danial,Sanford,454 Rolfson Route,Prosaccoburgh,FL,38816,wowo_cc1@yahoo.com,(304)-166-8514,,test,(304)-166-8514,(304)-166-8514wowo_cc1@yahoo.com,132,2/17/2014,1/12/2014,36
1973,01949713VEVDUTXP,2014.01.13 00:41:57,Adam,,,,,,,(843)-505-5245,(843)-505-5245,control,(843)-505-5245(843)-505-5245,(843)-505-5245,0,133,133,13110998FOXPEYKI,2014.02.20 16:09:21,Vicenta,Kautzer,,,OH,,,(843)-505-5245,(772)-137-2623,control,(843)-505-5245(772)-137-2623,(843)-505-5245,133,2/20/2014,1/13/2014,39
1997,63759825RVNZQVCW,2014.01.13 02:45:36,Berry,Harvey,,,MI,,robert_mbewe@yahoo.co.uk,(260)-827-1658,(260)-827-1658,test,(260)-827-1658(260)-827-1658,(260)-827-1658robert_mbewe@yahoo.co.uk,0,134,134,42185195EJTMHEYF,2014.02.23 05:16:17,Eddie,Bayer,,,SD,,robert_mbewe@yahoo.co.uk,(260)-827-1658,(712)-354-8649,test,(260)-827-1658(712)-354-8649,(260)-827-1658robert_mbewe@yahoo.co.uk,134,2/23/2014,1/13/2014,41
2009,64803754CJMNJVID,2014.01.13 03:47:08,Denis,Morissette,,,MA,,mr.lamidosanusilamidocbngov@gmail.com,(619)-537-8888,(619)-537-8888,control,(619)-537-8888(619)-537-8888,(619)-537-8888mr.lamidosanusilamidocbngov@gmail.com,0,135,135,89614593FVCYWKAA,2014.02.23 01:40:54,Jamar,Skiles,80835 Kertzmann Ridge,South Mozell,WI,76131-1980,mr.lamidosanusilamidocbngov@gmail.com,(619)-537-8888,,control,(619)-537-8888,(619)-537-8888mr.lamidosanusilamidocbngov@gmail.com,135,2/23/2014,1/13/2014,41
2246,79225401SWWUMNWI,2014.01.13 23:56:57,Brandy,Lemke,,,CT,19705,maldaline@att.net,(219)-077-0747,(219)-077-0747,test,(219)-077-0747(219)-077-0747,(219)-077-0747maldaline@att.net,0,136,136,82977489UHRDQGRN,2014.02.25 12:51:11,Jessyca,Collins,,,CO,62944-0647,maldaline@att.net,(219)-077-0747,,test,(219)-077-0747,(219)-077-0747maldaline@att.net,136,2/25/2014,1/13/2014,43
2258,37656837UHYJPYGN,2014.01.14 00:53:53,Alaina,Stamm,,,TX,,,(217)-057-0452,(217)-057-0452,test,(217)-057-0452(217)-057-0452,(217)-057-0452,0,137,137,09882025ZKUTPUVF,2014.03.13 12:55:35,Dandre,Kertzmann,,,IA,,,(217)-057-0452,(805)-026-7972,test,(217)-057-0452(805)-026-7972,(217)-057-0452,137,3/13/2014,1/14/2014,59
2304,43151191NZLCRPIY,2014.01.14 04:45:16,Shanie,Grimes,7758 Kshlerin Ways,East Kennedifort,MI,29280-3836,microsoftlotto32@yahoo.com,(859)-576-1653,(859)-576-1653,test,(859)-576-1653(859)-576-1653,(859)-576-1653microsoftlotto32@yahoo.com,0,138,138,65236924HGLSKYGG,2014.02.26 02:27:11,Concepcion,Klocko,98903 Jamal Station,Littelhaven,NC,14909,microsoftlotto32@yahoo.com,(859)-576-1653,,test,(859)-576-1653,(859)-576-1653microsoftlotto32@yahoo.com,138,2/26/2014,1/14/2014,43
2386,56894220GEVUWBVM,2014.01.14 11:12:15,Aubrey,Kozey,4888 Harvey Ferry,New Roger,MO,22200,gracefarooq1002@msn.com,(845)-546-4621,(845)-546-4621,test,(845)-546-4621(845)-546-4621,(845)-546-4621gracefarooq1002@msn.com,0,139,139,43618773AHXSYCSP,2014.03.08 10:09:58,Adrian,Von,195 Yost Club,Cartwrighthaven,WV,97165-1295,gracefarooq1002@msn.com,(845)-546-4621,,test,(845)-546-4621,(845)-546-4621gracefarooq1002@msn.com,139,3/8/2014,1/14/2014,53
2390,12241341AYUFYIZU,2014.01.14 11:31:37,Columbus,McLaughlin,,,SC,,dennisloanword@gmail.com,(234)-728-5565,(234)-728-5565,test,(234)-728-5565(234)-728-5565,(234)-728-5565dennisloanword@gmail.com,0,140,140,90107604EYUOLSXI,2014.02.16 10:11:18,Carlos,Russel,218 Gerry Cove,New Jonas,ND,21026,dennisloanword@gmail.com,(234)-728-5565,,test,(234)-728-5565,(234)-728-5565dennisloanword@gmail.com,140,2/16/2014,1/14/2014,33
2598,76040778PKVMNZGV,2014.01.15 05:17:10,Jacynthe,McDermott,,,AZ,,,(814)-135-8977,(814)-135-8977,test,(814)-135-8977(814)-135-8977,(814)-135-8977,0,141,141,27611862BHQCDVHT,2014.02.28 09:03:11,Gia,Brekke,,,,,,(814)-135-8977,,test,(814)-135-8977,(814)-135-8977,141,2/28/2014,1/15/2014,44
2836,02999751RYKHSGKK,2014.01.16 00:51:33,Samara,,,,MN,,,(570)-041-0337,(570)-041-0337,control,(570)-041-0337(570)-041-0337,(570)-041-0337,0,142,142,39236055OZKHOAEE,2014.02.28 14:58:34,Jude,Marvin,,,MO,39728,,(570)-041-0337,,control,(570)-041-0337,(570)-041-0337,142,2/28/2014,1/16/2014,44
3217,28762421NAYUDTVY,2014.01.17 08:22:13,Savannah,Rogahn,10619 Joesph Expressway,South Tabithaberg,MI,44916,EMAILNIGEL1_JENKINSON@CONSULTANT.COM,(626)-098-0980,(626)-098-0980,test,(626)-098-0980(626)-098-0980,(626)-098-0980EMAILNIGEL1_JENKINSON@CONSULTANT.COM,0,143,143,94765793DACMOANH,2014.03.04 12:15:54,Bret,Lindgren,9637 Bailey Gateway,Bernhardborough,IN,25704-6880,EMAILNIGEL1_JENKINSON@CONSULTANT.COM,(626)-098-0980,,test,(626)-098-0980,(626)-098-0980EMAILNIGEL1_JENKINSON@CONSULTANT.COM,143,3/4/2014,1/17/2014,46
3291,79080124IDJCEILE,2014.01.17 14:41:12,Gertrude,Mosciski,6643 Gulgowski Corners,Jaynechester,MA,30363,drlewisolga@windowslive.com,(215)-089-5246,(215)-089-5246,control,(215)-089-5246(215)-089-5246,(215)-089-5246drlewisolga@windowslive.com,0,144,144,66005203XWLKQYPE,2014.02.11 15:54:32,Pearline,Skiles,,,HI,,drlewisolga@windowslive.com,(215)-089-5246,,control,(215)-089-5246,(215)-089-5246drlewisolga@windowslive.com,144,2/11/2014,1/17/2014,25
3314,88912418PHJBFWMC,2014.01.17 16:44:31,Domenic,Kessler,,,NM,,westernunion.service0009@gmail.com,(417)-150-7794,(417)-150-7794,test,(417)-150-7794(417)-150-7794,(417)-150-7794westernunion.service0009@gmail.com,0,145,145,03579904LHNWNJPZ,2014.03.09 18:22:00,Jamel,Williamson,,,FL,,westernunion.service0009@gmail.com,(417)-150-7794,(269)-772-6024,test,(417)-150-7794(269)-772-6024,(417)-150-7794westernunion.service0009@gmail.com,145,3/9/2014,1/17/2014,51
3551,17208995OOFVYGWE,2014.01.18 12:25:36,Gianni,Runte,,,MD,,irs.ielott@hotmail.com,(484)-522-4281,(484)-522-4281,test,(484)-522-4281(484)-522-4281,(484)-522-4281irs.ielott@hotmail.com,0,146,146,57083382UJJWVDJB,2014.03.09 04:05:41,Efrain,Sanford,73621 Reichert Fields,Ronnyfurt,VT,80794-3993,irs.ielott@hotmail.com,(484)-522-4281,,test,(484)-522-4281,(484)-522-4281irs.ielott@hotmail.com,146,3/9/2014,1/18/2014,50
3562,61168648RDUQOYEJ,2014.01.18 13:23:52,Edyth,Yundt,3982 Janick Heights,Kohlerport,TX,33989-7524,barr_sandy2008@hotmail.com,(407)-522-2076,(407)-522-2076,test,(407)-522-2076(407)-522-2076,(407)-522-2076barr_sandy2008@hotmail.com,0,147,147,97344779VKSHEFYG,2014.03.04 07:07:23,Tad,Connelly,172 Michaela Bypass,South Tyson,MA,24162,barr_sandy2008@hotmail.com,(407)-522-2076,,test,(407)-522-2076,(407)-522-2076barr_sandy2008@hotmail.com,147,3/4/2014,1/18/2014,45
3606,32413695QDZVTPIX,2014.01.18 17:06:27,Emerson,Reilly,,,MI,85651,diplomaticcourieragent22@yahoo.co.jp,(702)-549-4804,(702)-549-4804,test,(702)-549-4804(702)-549-4804,(702)-549-4804diplomaticcourieragent22@yahoo.co.jp,0,148,148,68303858HFGHUPHJ,2014.03.10 15:36:14,Kaylah,Stracke,,,SD,56768,diplomaticcourieragent22@yahoo.co.jp,(702)-549-4804,,test,(702)-549-4804,(702)-549-4804diplomaticcourieragent22@yahoo.co.jp,148,3/10/2014,1/18/2014,51
3925,25182996FTFGUZIN,2014.01.19 19:39:54,Joana,Senger,,,MS,,,(850)-409-2153,(256)-207-6651,control,(850)-409-2153(256)-207-6651,(850)-409-2153,0,149,149,27473013FJYNCEJG,2014.03.20 06:44:21,Celine,Emmerich,,,OH,43797-9716,,(850)-409-2153,(850)-409-2153,control,(850)-409-2153(850)-409-2153,(850)-409-2153,149,3/20/2014,1/19/2014,59
4010,42566912QMENLPSP,2014.01.20 02:24:25,Monserrate,Prohaska,9480 Dach Street,Lindgrenbury,WV,45782-5081,paulson.johjoh@voila.fr,(234)-697-4467,(234)-697-4467,test,(234)-697-4467(234)-697-4467,(234)-697-4467paulson.johjoh@voila.fr,0,150,150,62689100PDYFTVUL,2014.03.12 04:19:36,Kaylie,Dach,383 Clementine Land,Ahmadburgh,RI,81023-4883,paulson.johjoh@voila.fr,(234)-697-4467,,test,(234)-697-4467,(234)-697-4467paulson.johjoh@voila.fr,150,3/12/2014,1/20/2014,51
4081,50214270SKBUWGWY,2014.01.20 08:15:02,Eduardo,Kuvalis,275 Dejah Hollow,Nicolasberg,NV,92296-2366,biros2008@myway.com,(364)-876-2601,(364)-876-2601,test,(364)-876-2601(364)-876-2601,(364)-876-2601biros2008@myway.com,0,151,151,06641136HOAHTKOH,2014.03.08 14:08:24,Adam,Mohr,7804 Owen Corner,Gulgowskiport,RI,21243,biros2008@myway.com,(364)-876-2601,,test,(364)-876-2601,(364)-876-2601biros2008@myway.com,151,3/8/2014,1/20/2014,47
4235,80893520QQQUIAPY,2014.01.20 21:05:05,Hosea,Hermiston,,,,,,(567)-363-9580,(567)-363-9580,test,(567)-363-9580(567)-363-9580,(567)-363-9580,0,152,152,76563376TLCALFZS,2014.03.15 01:16:52,Shawn,Kreiger,,,HI,,,(567)-363-9580,,test,(567)-363-9580,(567)-363-9580,152,3/15/2014,1/20/2014,53
4236,33940147QTYTSBYP,2014.01.20 21:10:38,Ashly,Prohaska,,,,,allainmoshe9001@yahoo.com.my,(769)-225-3990,(769)-225-3990,control,(769)-225-3990(769)-225-3990,(769)-225-3990allainmoshe9001@yahoo.com.my,0,153,153,29158649WRCWAXPO,2014.03.08 07:52:11,Lorena,Homenick,,,OH,15720,allainmoshe9001@yahoo.com.my,(769)-225-3990,,control,(769)-225-3990,(769)-225-3990allainmoshe9001@yahoo.com.my,153,3/8/2014,1/20/2014,46
4255,25063484SFWQYVEL,2014.01.20 22:42:11,Clifford,Beer,,,NY,52455,mrshellendavido1@hotmail.com,(704)-169-0934,(704)-169-0934,test,(704)-169-0934(704)-169-0934,(704)-169-0934mrshellendavido1@hotmail.com,0,154,154,98106585CBQKWWWX,2014.03.15 00:08:48,Franz,Hagenes,,,TN,83039-2094,mrshellendavido1@hotmail.com,(704)-169-0934,,test,(704)-169-0934,(704)-169-0934mrshellendavido1@hotmail.com,154,3/15/2014,1/20/2014,53
4259,15684925MGEDENHL,2014.01.20 23:04:06,Leatha,Bednar,25954 Layne Crossroad,Quigleytown,NV,14009,aiza.r012@msn.com,(909)-489-3527,(909)-489-3527,test,(909)-489-3527(909)-489-3527,(909)-489-3527aiza.r012@msn.com,0,155,155,58595149LTHECHJR,2014.03.15 16:49:03,Easton,Bednar,8955 Welch Keys,East Lavernport,MI,81980-2624,aiza.r012@msn.com,(909)-489-3527,,test,(909)-489-3527,(909)-489-3527aiza.r012@msn.com,155,3/15/2014,1/20/2014,54
4319,32306621PJTNSKOW,2014.01.21 04:12:34,Catherine,Price,3759 Jayme Points,Jonesview,ME,51132-8259,kennywilliams100@gmail.com,(732)-075-5339,(732)-075-5339,test,(732)-075-5339(732)-075-5339,(732)-075-5339kennywilliams100@gmail.com,0,156,156,00175228VXGKTMAR,2014.03.16 04:08:59,Phoebe,Skiles,3932 Armand Circle,South Brielle,MA,37328-0630,kennywilliams100@gmail.com,(732)-075-5339,,test,(732)-075-5339,(732)-075-5339kennywilliams100@gmail.com,156,3/16/2014,1/21/2014,54
4340,22844459RFKOMSQK,2014.01.21 05:47:36,Albertha,Kohler,,,WA,83980-8375,s_davisx00003@yahoo.co.jp,(470)-299-7504,(470)-299-7504,test,(470)-299-7504(470)-299-7504,(470)-299-7504s_davisx00003@yahoo.co.jp,0,157,157,24335154PGHDQMWL,2014.03.16 01:53:52,Flo,Marquardt,930 Freeda Manors,South Nathanaelstad,FL,86046-8734,s_davisx00003@yahoo.co.jp,(470)-299-7504,,test,(470)-299-7504,(470)-299-7504s_davisx00003@yahoo.co.jp,157,3/16/2014,1/21/2014,54
4447,37112830JJNWWSWH,2014.01.21 14:59:23,Francis,Reinger,212 Sincere Highway,South Roelberg,LA,89423,sarahwilson0000001@hotmail.com,(520)-233-4711,(520)-233-4711,test,(520)-233-4711(520)-233-4711,(520)-233-4711sarahwilson0000001@hotmail.com,0,159,159,66322605LMCXWYME,2014.03.17 03:14:11,Reyna,Konopelski,711 Francisco Squares,Graysonbury,TX,72461-9406,sarahwilson0000001@hotmail.com,(520)-233-4711,,test,(520)-233-4711,(520)-233-4711sarahwilson0000001@hotmail.com,159,3/17/2014,1/21/2014,55
4696,36094844CWYCPGSG,2014.01.22 11:49:50,Mohamed,Funk,,,IN,53109,,(727)-982-2032,(208)-298-7384,test,(727)-982-2032(208)-298-7384,(727)-982-2032,0,160,160,92215019MZVTLTOJ,2014.04.15 03:58:39,Javon,Ankunding,,,TN,,,(727)-982-2032,(727)-982-2032,test,(727)-982-2032(727)-982-2032,(727)-982-2032,160,4/15/2014,1/22/2014,83
5006,77897281HKLZJSQK,2014.01.23 13:21:08,Agnes,Witting,,,,,jaindabor1@att.net,(916)-649-9855,(916)-649-9855,test,(916)-649-9855(916)-649-9855,(916)-649-9855jaindabor1@att.net,0,161,161,96280466MNBDWACA,2014.03.21 08:58:37,Cornelius,Langosh,38446 Lemuel Port,North Shawn,TX,35237-1090,jaindabor1@att.net,(916)-649-9855,,test,(916)-649-9855,(916)-649-9855jaindabor1@att.net,161,3/21/2014,1/23/2014,57
5055,90075366YPKKSGMY,2014.01.23 17:29:33,Katrina,Batz,,,RI,,,(540)-247-6816,(540)-247-6816,test,(540)-247-6816(540)-247-6816,(540)-247-6816,0,162,162,69200623RSBVDMYG,2014.03.16 23:46:13,Telly,Labadie,,,VT,49869-6709,,(540)-247-6816,(351)-750-4053,test,(540)-247-6816(351)-750-4053,(540)-247-6816,162,3/16/2014,1/23/2014,52
5462,66965763UXLFRXFO,2014.01.26 22:36:50,Antonina,,,,,,barclays_varley@sify.com,(785)-784-4324,(785)-784-4324,test,(785)-784-4324(785)-784-4324,(785)-784-4324barclays_varley@sify.com,0,163,163,11779727WITPQPEL,2014.03.29 12:28:16,Mariano,Kub,,,OH,86374-1904,barclays_varley@sify.com,(785)-784-4324,,test,(785)-784-4324,(785)-784-4324barclays_varley@sify.com,163,3/29/2014,1/26/2014,62
5840,53679491YBKFNACM,2014.01.29 02:00:51,Morgan,Schmitt,520 Aaron Way,Beahanburgh,KY,39103-2874,south2010ss@avasmail.com.mv,(406)-299-4331,(406)-299-4331,test,(406)-299-4331(406)-299-4331,(406)-299-4331south2010ss@avasmail.com.mv,0,164,164,12098808QIJHARHW,2014.04.03 04:37:19,Ivah,Hickle,244 McClure Valleys,East Maxime,WV,79304-4865,south2010ss@avasmail.com.mv,(406)-299-4331,,test,(406)-299-4331,(406)-299-4331south2010ss@avasmail.com.mv,164,4/3/2014,1/29/2014,64
5974,40677016ECSMIJFO,2014.01.29 13:22:25,Willa,Berge,,,VA,,,(586)-857-9948,(586)-857-9948,test,(586)-857-9948(586)-857-9948,(586)-857-9948,0,165,165,92493366OCTPVCVF,2014.04.04 22:09:31,Ephraim,Medhurst,,,AL,,,(586)-857-9948,,test,(586)-857-9948,(586)-857-9948,165,4/4/2014,1/29/2014,65
6333,11107827CTIMJXYK,2014.01.30 19:26:34,Juwan,Abbott,8271 Shields Station,West Eliezer,MT,96670-7928,paulson2301@yahoo.co.uk,(956)-824-8452,(956)-824-8452,test,(956)-824-8452(956)-824-8452,(956)-824-8452paulson2301@yahoo.co.uk,0,167,167,19552703COLNEOLT,2014.04.08 18:32:22,Duane,Hyatt,821 Hyatt Vista,Jaydefurt,NH,98701-9939,paulson2301@yahoo.co.uk,(956)-824-8452,,test,(956)-824-8452,(956)-824-8452paulson2301@yahoo.co.uk,167,4/8/2014,1/30/2014,68
6765,74870811GRIGHZTC,2014.02.02 03:18:12,Sandy,Farrell,99340 Jailyn Cliffs,Ruthestad,NC,90108-0731,aliceeochinyan@gmail.com,(660)-195-8268,(660)-195-8268,test,(660)-195-8268(660)-195-8268,(660)-195-8268aliceeochinyan@gmail.com,0,168,168,86246687YDMPAKSU,2014.04.16 00:33:55,Myriam,Kuhlman,67124 Senger Run,Legrosmouth,LA,18051,aliceeochinyan@gmail.com,(660)-195-8268,,test,(660)-195-8268,(660)-195-8268aliceeochinyan@gmail.com,168,4/16/2014,2/2/2014,73
6881,74902623XKZBWIYC,2014.02.02 13:07:07,Layla,Bradtke,,,,,egio12345@gmail.com,(817)-611-2135,(817)-611-2135,test,(817)-611-2135(817)-611-2135,(817)-611-2135egio12345@gmail.com,0,169,169,58795720OFGMARMU,2014.03.12 22:54:29,Jeff-Test-ID-4213,WebTest,365 Keebler Dale,Jacklynton,CA,84043,egio12345@gmail.com,(817)-611-2135,,test,(817)-611-2135,(817)-611-2135egio12345@gmail.com,169,3/12/2014,2/2/2014,38
6928,72885012HXMXNMOA,2014.02.02 16:59:05,Icie,Brakus,19244 Jovany Ways,Boscoborough,SC,29478,tntcourierexpressdeliverycompany@yahoo.in,(913)-732-0087,(913)-732-0087,test,(913)-732-0087(913)-732-0087,(913)-732-0087tntcourierexpressdeliverycompany@yahoo.in,0,170,170,63332587QRQFMUPN,2014.03.28 22:15:48,Wilhelmine,Huel,106 Nader Turnpike,North Lilly,MT,21946-0034,tntcourierexpressdeliverycompany@yahoo.in,(913)-732-0087,,test,(913)-732-0087,(913)-732-0087tntcourierexpressdeliverycompany@yahoo.in,170,3/28/2014,2/2/2014,54
7391,52867482KJPNFZNV,2014.02.04 07:34:02,Travis,Jacobi,857 Wehner Run,East Destin,OR,25359-5129,jacksoncarloslawchambers@gmail.com,(859)-644-9808,(562)-917-1509,test,(859)-644-9808(562)-917-1509,(859)-644-9808jacksoncarloslawchambers@gmail.com,0,171,171,19294271VIXLBLTF,2014.02.21 03:38:57,Brisa,Kiehn,3932 Alessia Orchard,Cartwrightfort,PA,60065,jacksoncarloslawchambers@gmail.com,(859)-644-9808,,test,(859)-644-9808,(859)-644-9808jacksoncarloslawchambers@gmail.com,171,2/21/2014,2/4/2014,17
7406,04545817QGVBATII,2014.02.04 08:47:14,Brielle,Wisoky,,,TN,,hassan_hoque200@live.co.uk,(386)-827-0369,(386)-827-0369,control,(386)-827-0369(386)-827-0369,(386)-827-0369hassan_hoque200@live.co.uk,0,172,172,06120453LLNNWRFO,2014.03.02 22:29:17,Amy,Bartell,29358 Schuster Green,Gottliebtown,VA,63364,hassan_hoque200@live.co.uk,(386)-827-0369,,control,(386)-827-0369,(386)-827-0369hassan_hoque200@live.co.uk,172,3/2/2014,2/4/2014,27
